id,first_name,last_name,username,email,avatar,gender,date_of_birth,address
5253,Cristobal,Koelpin,cristobal.koelpin,cristobal.koelpin@email.com,https://robohash.org/praesentiumconsequaturdolore.png?size=300x300&set=set1,Male,1975-11-28,"Port Jeniffermouth,Kassulke Island,6656 Zboncak Heights"
2420,Dell,Stoltenberg,dell.stoltenberg,dell.stoltenberg@email.com,https://robohash.org/earumvoluptasratione.png?size=300x300&set=set1,Bigender,1993-08-02,"North Lanell,Royce Park,313 Kristel Square"
4341,Ethan,Koch,ethan.koch,ethan.koch@email.com,https://robohash.org/fugaquirerum.png?size=300x300&set=set1,Genderfluid,1979-10-17,"Port Eldridge,Krista Turnpike,359 Runolfsdottir Shoal"
5941,Franklin,Lang,franklin.lang,franklin.lang@email.com,https://robohash.org/utvelitqui.png?size=300x300&set=set1,Agender,1989-05-20,"Valoriefurt,Kelley Prairie,7296 Wilkinson Points"
812,Johnnie,Upton,johnnie.upton,johnnie.upton@email.com,https://robohash.org/utatquedeserunt.png?size=300x300&set=set1,Bigender,1958-03-10,"Stanbury,Rocky Camp,598 Rodriguez Turnpike"
6504,Kevin,Koelpin,kevin.koelpin,kevin.koelpin@email.com,https://robohash.org/nonvoluptatemquisquam.png?size=300x300&set=set1,Agender,1986-09-30,"North Rosettabury,Boyle Center,2411 Douglas Plains"
7130,Lucinda,Trantow,lucinda.trantow,lucinda.trantow@email.com,https://robohash.org/omnissequiquia.png?size=300x300&set=set1,Genderqueer,1979-05-23,"Port Brenton,Chrystal Ford,60189 Cartwright Forges"
6204,Moses,Weissnat,moses.weissnat,moses.weissnat@email.com,https://robohash.org/corporisoptiout.png?size=300x300&set=set1,Agender,1964-01-09,"South Chasehaven,Jan Way,66316 Otis Park"
1908,Russ,Medhurst,russ.medhurst,russ.medhurst@email.com,https://robohash.org/omnistemporibusdoloremque.png?size=300x300&set=set1,Polygender,1992-06-13,"Terryton,Christopher Stravenue,7502 Haydee Burg"
2645,Terrell,Miller,terrell.miller,terrell.miller@email.com,https://robohash.org/istequiapariatur.png?size=300x300&set=set1,Non-binary,1991-12-27,"West Aubreyhaven,Cecil Mews,4287 Denver Crest"
